Jumlah Cluster,Silhouette Score
2,0.747055110579885
3,0.708835314112148
4,0.709517205933778
5,0.7053148975321426
6,0.6495696525203708
7,0.6135260290461415
